,agua1253,yane1238,apur1254,apal1257,arhu1242,mapu1245,karo1305,araw1276,awet1244,cent2142,bora1263,boro1282,baur1253,chip1262,mose1249,cavi1250,chay1248,chol1284,coca1259,colo1256,cube1242,desa1247,emer1243,nort2972,guat1253,hixk1239,inga1252,iton1250,jama1261,hupd1244,juru1256,kama1373,kari1311,daww1239,awac1239,kano1245,leco1242,lako1248,sate1243,mats1244,moco1246,maku1278,wich1262,mund1330,movi1243,moch1259,pare1272,wari1268,paez1247,pila1245,puin1248,hual1241,sout2991,sout2990,sant1432,tena1240,yauy1235,ayac1239,cusc1236,caja1238,imba1240,nort2980,paca1245,sanm1289,huay1240,sala1272,jauj1238,cane1242,rikb1245,saba1268,nina1238,ship1254,saki1248,tari1256,tehu1242,tapi1253,trum1247,trio1238,ikpe1245,urar1246,uruu1244,wara1303,wayo1238,xava1240,kwaz1243,yami1256,nhen1239,yura1255
ARGEX5-1,ARGEX5-1-C,ARGEX5-1-C,ARGEX5-1-C,ARGEX5-1-C,ARGEX5-1-C,ARGEX5-1-C,ARGEX5-1-C,ARGEX5-1-C,ARGEX5-1-C,ARGEX5-1-C,ARGEX5-1-C,ARGEX5-1-C,ARGEX5-1-C,ARGEX5-1-C,ARGEX5-1-C,ARGEX5-1-C,ARGEX5-1-C,ARGEX5-1-C,ARGEX5-1-C,ARGEX5-1-C,ARGEX5-1-C,ARGEX5-1-C,ARGEX5-1-C,ARGEX5-1-B,ARGEX5-1-C,ARGEX5-1-C,ARGEX5-1-C,ARGEX5-1-C,ARGEX5-1-C,ARGEX5-1-C,ARGEX5-1-C,ARGEX5-1-C,ARGEX5-1-C,ARGEX5-1-C,ARGEX5-1-C,ARGEX5-1-C,ARGEX5-1-C,ARGEX5-1-C,ARGEX5-1-C,ARGEX5-1-C,ARGEX5-1-C,ARGEX5-1-C,ARGEX5-1-C,ARGEX5-1-C,ARGEX5-1-C,ARGEX5-1-C,ARGEX5-1-C,ARGEX5-1-C,ARGEX5-1-C,ARGEX5-1-C,ARGEX5-1-C,ARGEX5-1-C,ARGEX5-1-C,ARGEX5-1-C,ARGEX5-1-C,ARGEX5-1-C,ARGEX5-1-C,ARGEX5-1-C,ARGEX5-1-C,ARGEX5-1-C,ARGEX5-1-C,ARGEX5-1-C,ARGEX5-1-C,ARGEX5-1-C,ARGEX5-1-C,ARGEX5-1-C,ARGEX5-1-C,ARGEX5-1-C,ARGEX5-1-C,ARGEX5-1-C,ARGEX5-1-C,ARGEX5-1-C,ARGEX5-1-C,ARGEX5-1-C,ARGEX5-1-B,ARGEX5-1-C,ARGEX5-1-C,ARGEX5-1-C,ARGEX5-1-C,ARGEX5-1-C,ARGEX5-1-C,ARGEX5-1-C,ARGEX5-1-C,ARGEX5-1-C,ARGEX5-1-C,ARGEX5-1-C,ARGEX5-1-C,ARGEX5-1-C
ARGEX5-2,ARGEX5-2-C,ARGEX5-2-C,ARGEX5-2-C,ARGEX5-2-C,ARGEX5-2-B,ARGEX5-2-C,ARGEX5-2-C,ARGEX5-2-C,ARGEX5-2-C,ARGEX5-2-C,ARGEX5-2-C,ARGEX5-2-C,ARGEX5-2-C,ARGEX5-2-C,ARGEX5-2-C,ARGEX5-2-B,ARGEX5-2-B,ARGEX5-2-C,ARGEX5-2-C,ARGEX5-2-C,ARGEX5-2-C,ARGEX5-2-C,ARGEX5-2-C,ARGEX5-2-B,ARGEX5-2-C,ARGEX5-2-C,ARGEX5-2-C,ARGEX5-2-C,ARGEX5-2-C,ARGEX5-2-C,ARGEX5-2-C,ARGEX5-2-C,ARGEX5-2-C,ARGEX5-2-C,ARGEX5-2-C,ARGEX5-2-C,ARGEX5-2-C,ARGEX5-2-C,ARGEX5-2-C,ARGEX5-2-B,ARGEX5-2-C,ARGEX5-2-C,ARGEX5-2-C,ARGEX5-2-C,ARGEX5-2-C,ARGEX5-2-C,ARGEX5-2-C,ARGEX5-2-C,ARGEX5-2-C,ARGEX5-2-C,ARGEX5-2-B,ARGEX5-2-C,ARGEX5-2-C,ARGEX5-2-C,ARGEX5-2-C,ARGEX5-2-C,ARGEX5-2-C,ARGEX5-2-C,ARGEX5-2-C,ARGEX5-2-C,ARGEX5-2-C,ARGEX5-2-C,ARGEX5-2-C,ARGEX5-2-C,ARGEX5-2-C,ARGEX5-2-C,ARGEX5-2-C,ARGEX5-2-B,ARGEX5-2-C,ARGEX5-2-C,ARGEX5-2-B,ARGEX5-2-B,ARGEX5-2-C,ARGEX5-2-C,ARGEX5-2-B,ARGEX5-2-C,ARGEX5-2-B,ARGEX5-2-C,ARGEX5-2-C,ARGEX5-2-C,ARGEX5-2-C,ARGEX5-2-C,ARGEX5-2-C,ARGEX5-2-C,ARGEX5-2-C,ARGEX5-2-B,ARGEX5-2-C,ARGEX5-2-C
ARGEX5-3,ARGEX5-3-B,ARGEX5-3-C,ARGEX5-3-C,ARGEX5-3-C,ARGEX5-3-C,ARGEX5-3-C,ARGEX5-3-C,ARGEX5-3-C,ARGEX5-3-C,ARGEX5-3-B,ARGEX5-3-B,ARGEX5-3-C,ARGEX5-3-C,ARGEX5-3-C,ARGEX5-3-C,ARGEX5-3-C,ARGEX5-3-C,ARGEX5-3-C,ARGEX5-3-C,ARGEX5-3-B,ARGEX5-3-B,ARGEX5-3-B,ARGEX5-3-C,ARGEX5-3-B,ARGEX5-3-C,ARGEX5-3-C,ARGEX5-3-C,ARGEX5-3-C,ARGEX5-3-B,ARGEX5-3-B,ARGEX5-3-B,ARGEX5-3-C,ARGEX5-3-C,ARGEX5-3-B,ARGEX5-3-B,ARGEX5-3-C,ARGEX5-3-C,ARGEX5-3-C,ARGEX5-3-C,ARGEX5-3-C,ARGEX5-3-C,ARGEX5-3-C,ARGEX5-3-C,ARGEX5-3-C,ARGEX5-3-C,ARGEX5-3-C,ARGEX5-3-C,ARGEX5-3-C,ARGEX5-3-B,ARGEX5-3-C,ARGEX5-3-C,ARGEX5-3-B,ARGEX5-3-B,ARGEX5-3-B,ARGEX5-3-B,ARGEX5-3-B,ARGEX5-3-B,ARGEX5-3-B,ARGEX5-3-B,ARGEX5-3-B,ARGEX5-3-B,ARGEX5-3-B,ARGEX5-3-B,ARGEX5-3-B,ARGEX5-3-B,ARGEX5-3-B,ARGEX5-3-B,ARGEX5-3-C,ARGEX5-3-C,ARGEX5-3-B,ARGEX5-3-C,ARGEX5-3-C,ARGEX5-3-C,ARGEX5-3-B,ARGEX5-3-C,ARGEX5-3-C,ARGEX5-3-C,ARGEX5-3-C,ARGEX5-3-C,ARGEX5-3-C,ARGEX5-3-C,ARGEX5-3-C,ARGEX5-3-C,ARGEX5-3-C,ARGEX5-3-B,ARGEX5-3-C,ARGEX5-3-C,ARGEX5-3-C
ARGEX5-4,ARGEX5-4-B,ARGEX5-4-C,ARGEX5-4-B,ARGEX5-4-B,ARGEX5-4-B,ARGEX5-4-C,ARGEX5-4-B,ARGEX5-4-B,ARGEX5-4-B,ARGEX5-4-B,ARGEX5-4-B,ARGEX5-4-B,ARGEX5-4-C,ARGEX5-4-B,ARGEX5-4-C,ARGEX5-4-C,ARGEX5-4-C,ARGEX5-4-B,ARGEX5-4-B,ARGEX5-4-B,ARGEX5-4-B,ARGEX5-4-B,ARGEX5-4-B,ARGEX5-4-B,ARGEX5-4-C,ARGEX5-4-B,ARGEX5-4-B,ARGEX5-4-C,ARGEX5-4-B,ARGEX5-4-B,ARGEX5-4-B,ARGEX5-4-B,ARGEX5-4-C,ARGEX5-4-B,ARGEX5-4-B,ARGEX5-4-C,ARGEX5-4-B,ARGEX5-4-C,ARGEX5-4-B,ARGEX5-4-C,ARGEX5-4-C,ARGEX5-4-B,ARGEX5-4-C,ARGEX5-4-B,ARGEX5-4-C,ARGEX5-4-C,ARGEX5-4-B,ARGEX5-4-C,ARGEX5-4-B,ARGEX5-4-C,ARGEX5-4-B,ARGEX5-4-B,ARGEX5-4-B,ARGEX5-4-B,ARGEX5-4-B,ARGEX5-4-B,ARGEX5-4-B,ARGEX5-4-B,ARGEX5-4-B,ARGEX5-4-B,ARGEX5-4-B,ARGEX5-4-B,ARGEX5-4-B,ARGEX5-4-B,ARGEX5-4-B,ARGEX5-4-B,ARGEX5-4-B,ARGEX5-4-B,ARGEX5-4-B,ARGEX5-4-B,ARGEX5-4-B,ARGEX5-4-C,ARGEX5-4-B,ARGEX5-4-B,ARGEX5-4-C,ARGEX5-4-C,ARGEX5-4-B,ARGEX5-4-B,ARGEX5-4-B,ARGEX5-4-B,ARGEX5-4-C,ARGEX5-4-B,ARGEX5-4-B,ARGEX5-4-B,ARGEX5-4-B,ARGEX5-4-C,ARGEX5-4-B,ARGEX5-4-C
ARGEX5-5,ARGEX5-5-A,ARGEX5-5-D,ARGEX5-5-D,ARGEX5-5-D,ARGEX5-5-C,ARGEX5-5-D,ARGEX5-5-D,ARGEX5-5-D,ARGEX5-5-D,ARGEX5-5-A,ARGEX5-5-C,ARGEX5-5-D,ARGEX5-5-D,ARGEX5-5-D,ARGEX5-5-D,ARGEX5-5-A,ARGEX5-5-A,ARGEX5-5-D,ARGEX5-5-D,ARGEX5-5-B,ARGEX5-5-B,ARGEX5-5-B,ARGEX5-5-D,ARGEX5-5-A,ARGEX5-5-D,ARGEX5-5-D,ARGEX5-5-C,ARGEX5-5-D,ARGEX5-5-A,ARGEX5-5-C,ARGEX5-5-B,ARGEX5-5-D,ARGEX5-5-D,ARGEX5-5-C,ARGEX5-5-C,ARGEX5-5-D,ARGEX5-5-B,ARGEX5-5-D,ARGEX5-5-D,ARGEX5-5-C,ARGEX5-5-D,ARGEX5-5-D,ARGEX5-5-D,ARGEX5-5-D,ARGEX5-5-D,ARGEX5-5-D,ARGEX5-5-D,ARGEX5-5-D,ARGEX5-5-A,ARGEX5-5-D,ARGEX5-5-B,ARGEX5-5-A,ARGEX5-5-A,ARGEX5-5-A,ARGEX5-5-A,ARGEX5-5-A,ARGEX5-5-A,ARGEX5-5-A,ARGEX5-5-A,ARGEX5-5-A,ARGEX5-5-A,ARGEX5-5-A,ARGEX5-5-A,ARGEX5-5-A,ARGEX5-5-A,ARGEX5-5-A,ARGEX5-5-A,ARGEX5-5-A,ARGEX5-5-D,ARGEX5-5-A,ARGEX5-5-C,ARGEX5-5-A,ARGEX5-5-D,ARGEX5-5-B,ARGEX5-5-B,ARGEX5-5-D,ARGEX5-5-A,ARGEX5-5-D,ARGEX5-5-D,ARGEX5-5-D,ARGEX5-5-D,ARGEX5-5-D,ARGEX5-5-D,ARGEX5-5-D,ARGEX5-5-C,ARGEX5-5-A,ARGEX5-5-D,ARGEX5-5-D
ARGEX5-6,ARGEX5-6-A,ARGEX5-6-C,ARGEX5-6-C,ARGEX5-6-C,ARGEX5-6-B,ARGEX5-6-C,ARGEX5-6-C,ARGEX5-6-C,ARGEX5-6-C,ARGEX5-6-A,ARGEX5-6-A,ARGEX5-6-C,ARGEX5-6-C,ARGEX5-6-C,ARGEX5-6-C,ARGEX5-6-B,ARGEX5-6-B,ARGEX5-6-C,ARGEX5-6-C,ARGEX5-6-A,ARGEX5-6-A,ARGEX5-6-A,ARGEX5-6-C,ARGEX5-6-B,ARGEX5-6-C,ARGEX5-6-C,ARGEX5-6-A,ARGEX5-6-C,ARGEX5-6-A,ARGEX5-6-A,ARGEX5-6-A,ARGEX5-6-C,ARGEX5-6-C,ARGEX5-6-A,ARGEX5-6-A,ARGEX5-6-C,ARGEX5-6-C,ARGEX5-6-C,ARGEX5-6-C,ARGEX5-6-B,ARGEX5-6-C,ARGEX5-6-C,ARGEX5-6-C,ARGEX5-6-C,ARGEX5-6-C,ARGEX5-6-A,ARGEX5-6-C,ARGEX5-6-C,ARGEX5-6-A,ARGEX5-6-C,ARGEX5-6-B,ARGEX5-6-A,ARGEX5-6-A,ARGEX5-6-A,ARGEX5-6-A,ARGEX5-6-A,ARGEX5-6-A,ARGEX5-6-A,ARGEX5-6-A,ARGEX5-6-A,ARGEX5-6-A,ARGEX5-6-A,ARGEX5-6-A,ARGEX5-6-A,ARGEX5-6-A,ARGEX5-6-A,ARGEX5-6-A,ARGEX5-6-B,ARGEX5-6-C,ARGEX5-6-A,ARGEX5-6-B,ARGEX5-6-B,ARGEX5-6-C,ARGEX5-6-A,ARGEX5-6-A,ARGEX5-6-C,ARGEX5-6-B,ARGEX5-6-C,ARGEX5-6-C,ARGEX5-6-C,ARGEX5-6-A,ARGEX5-6-C,ARGEX5-6-C,ARGEX5-6-C,ARGEX5-6-A,ARGEX5-6-B,ARGEX5-6-C,ARGEX5-6-C
ARGEX5-7,ARGEX5-7-A,ARGEX5-7-C,ARGEX5-7-C,ARGEX5-7-C,ARGEX5-7-C,ARGEX5-7-C,ARGEX5-7-C,ARGEX5-7-C,ARGEX5-7-C,ARGEX5-7-A,ARGEX5-7-A,ARGEX5-7-C,ARGEX5-7-C,ARGEX5-7-C,ARGEX5-7-C,ARGEX5-7-B,ARGEX5-7-B,ARGEX5-7-C,ARGEX5-7-C,ARGEX5-7-A,ARGEX5-7-A,ARGEX5-7-A,ARGEX5-7-C,ARGEX5-7-B,ARGEX5-7-C,ARGEX5-7-C,ARGEX5-7-A,ARGEX5-7-C,ARGEX5-7-A,ARGEX5-7-A,ARGEX5-7-A,ARGEX5-7-C,ARGEX5-7-C,ARGEX5-7-A,ARGEX5-7-A,ARGEX5-7-C,ARGEX5-7-C,ARGEX5-7-C,ARGEX5-7-C,ARGEX5-7-B,ARGEX5-7-C,ARGEX5-7-A,ARGEX5-7-C,ARGEX5-7-A,ARGEX5-7-C,ARGEX5-7-A,ARGEX5-7-C,ARGEX5-7-E,ARGEX5-7-A,ARGEX5-7-C,ARGEX5-7-B,ARGEX5-7-A,ARGEX5-7-A,ARGEX5-7-A,ARGEX5-7-A,ARGEX5-7-A,ARGEX5-7-A,ARGEX5-7-A,ARGEX5-7-A,ARGEX5-7-A,ARGEX5-7-A,ARGEX5-7-A,ARGEX5-7-A,ARGEX5-7-A,ARGEX5-7-A,ARGEX5-7-A,ARGEX5-7-A,ARGEX5-7-D,ARGEX5-7-C,ARGEX5-7-A,ARGEX5-7-B,ARGEX5-7-B,ARGEX5-7-A,ARGEX5-7-A,ARGEX5-7-A,ARGEX5-7-A,ARGEX5-7-B,ARGEX5-7-C,ARGEX5-7-C,ARGEX5-7-C,ARGEX5-7-A,ARGEX5-7-A,ARGEX5-7-A,ARGEX5-7-A,ARGEX5-7-A,ARGEX5-7-A,ARGEX5-7-D,ARGEX5-7-C
ARGEX5-8,ARGEX5-8-C,ARGEX5-8-C,ARGEX5-8-A,ARGEX5-8-A,ARGEX5-8-A,ARGEX5-8-C,ARGEX5-8-A,ARGEX5-8-A,ARGEX5-8-A,ARGEX5-8-A,ARGEX5-8-B,ARGEX5-8-A,ARGEX5-8-C,ARGEX5-8-A,ARGEX5-8-C,ARGEX5-8-C,ARGEX5-8-C,ARGEX5-8-A,ARGEX5-8-A,ARGEX5-8-A,ARGEX5-8-C,ARGEX5-8-C,ARGEX5-8-A,ARGEX5-8-A,ARGEX5-8-C,ARGEX5-8-A,ARGEX5-8-A,ARGEX5-8-C,ARGEX5-8-C,ARGEX5-8-C,ARGEX5-8-B,ARGEX5-8-A,ARGEX5-8-B,ARGEX5-8-B,ARGEX5-8-B,ARGEX5-8-C,ARGEX5-8-A,ARGEX5-8-C,ARGEX5-8-A,ARGEX5-8-C,ARGEX5-8-C,ARGEX5-8-A,ARGEX5-8-C,ARGEX5-8-A,ARGEX5-8-B,ARGEX5-8-C,ARGEX5-8-A,ARGEX5-8-B,ARGEX5-8-B,ARGEX5-8-C,ARGEX5-8-A,ARGEX5-8-C,ARGEX5-8-A,ARGEX5-8-C,ARGEX5-8-C,ARGEX5-8-A,ARGEX5-8-A,ARGEX5-8-A,ARGEX5-8-A,ARGEX5-8-C,ARGEX5-8-A,ARGEX5-8-A,ARGEX5-8-C,ARGEX5-8-C,ARGEX5-8-A,ARGEX5-8-A,ARGEX5-8-A,ARGEX5-8-A,ARGEX5-8-A,ARGEX5-8-B,ARGEX5-8-A,ARGEX5-8-C,ARGEX5-8-A,ARGEX5-8-C,ARGEX5-8-C,ARGEX5-8-C,ARGEX5-8-A,ARGEX5-8-A,ARGEX5-8-A,ARGEX5-8-A,ARGEX5-8-C,ARGEX5-8-A,ARGEX5-8-A,ARGEX5-8-A,ARGEX5-8-B,ARGEX5-8-C,ARGEX5-8-A,ARGEX5-8-C
ARGEX5-9,ARGEX5-9-B,ARGEX5-9-B,ARGEX5-9-B,ARGEX5-9-B,ARGEX5-9-B,ARGEX5-9-B,ARGEX5-9-B,ARGEX5-9-B,ARGEX5-9-B,ARGEX5-9-B,ARGEX5-9-B,ARGEX5-9-B,ARGEX5-9-B,ARGEX5-9-B,ARGEX5-9-B,ARGEX5-9-B,ARGEX5-9-B,ARGEX5-9-B,ARGEX5-9-B,ARGEX5-9-B,ARGEX5-9-B,ARGEX5-9-B,ARGEX5-9-B,ARGEX5-9-B,ARGEX5-9-A,ARGEX5-9-C,ARGEX5-9-B,ARGEX5-9-C,ARGEX5-9-B,ARGEX5-9-B,ARGEX5-9-B,ARGEX5-9-B,ARGEX5-9-B,ARGEX5-9-B,ARGEX5-9-B,ARGEX5-9-B,ARGEX5-9-B,ARGEX5-9-B,ARGEX5-9-B,ARGEX5-9-B,ARGEX5-9-A,ARGEX5-9-B,ARGEX5-9-C,ARGEX5-9-B,ARGEX5-9-B,ARGEX5-9-B,ARGEX5-9-B,ARGEX5-9-A,ARGEX5-9-B,ARGEX5-9-C,ARGEX5-9-C,ARGEX5-9-B,ARGEX5-9-B,ARGEX5-9-B,ARGEX5-9-B,ARGEX5-9-B,ARGEX5-9-B,ARGEX5-9-B,ARGEX5-9-B,ARGEX5-9-B,ARGEX5-9-B,ARGEX5-9-B,ARGEX5-9-B,ARGEX5-9-B,ARGEX5-9-B,ARGEX5-9-B,ARGEX5-9-B,ARGEX5-9-B,ARGEX5-9-A,ARGEX5-9-B,ARGEX5-9-B,ARGEX5-9-B,ARGEX5-9-C,ARGEX5-9-B,ARGEX5-9-B,ARGEX5-9-B,ARGEX5-9-B,ARGEX5-9-B,ARGEX5-9-B,ARGEX5-9-B,ARGEX5-9-B,ARGEX5-9-B,ARGEX5-9-B,ARGEX5-9-B,ARGEX5-9-B,ARGEX5-9-B,ARGEX5-9-B,ARGEX5-9-B
